Name,Style,Unique Entry ID
A tee,Simple,7XCg953t2tGAPuzaR
acid-washed jacket,Simple,zAiLmCwSaWADqXkRf
after-school jacket,Cool,rAfEdHYdt5e4AGTya
annyeong tee,Simple,mfMor9YWpsoEbPK5e
anorak jacket,Simple,agpR79ZTHcuQheDdF
apron,Simple,LTZqXvkrNxza2nMPb
argyle vest,Simple,QfjxZgK6b3zp2hr7T
athletic jacket,Active,zgcZP2SW38SpysHJA
baggy shirt,Simple,LCtayENx9EyLYa4Za
baseball shirt,Active,vYCgqwhsoMRcDJfF3
basketball tank,Active,dKYrtNZerQWq6Gt7W
bear tee,Active,6smBqDtdwrcsSvnSD
big-star tee,Simple,JpATLjagWyw8q8zqx
biker jacket,Cool,evbChpmd6EcLcM3Tz
bomber-style jacket,Cool,vih97zG2HgN8cg54w
bonjour tee,Simple,2eprjJTFoSP9v8fem
bug aloha shirt,Cool,2QNcM4zFTsb93fzeP
bulldog jacket,Cool,ggs2xnxP45Y8SPtKL
business suitcoat,Cool,LzQ8TynJGkTh4xXQa
café uniform,Elegant,SHHiYrQ9ozi4X7iqW
camo bomber-style jacket,Cool,WGTwz7iBBHyb8KL72
camper tee,Simple,WiN73dy22JaKPfnmp
cardigan-shirt combo,Simple,i7Ho5GcyLKTM2XHrS
career jacket,Simple,XoNL6nqajp9KnbpHq
cavalier shirt,Elegant,nBndstHR8fhG5snhk
chef's outfit,Simple,PmgtXM5uAc3NPRnAz
chesterfield coat,Cool,iKHJSLdsEd9zKTSXy
Chimayo vest,Elegant,HbNYxoPDoXEGm6ipa
ciao tee,Simple,QPxsFRrvvtHwR2STb
collarless coat,Simple,o8Y5mHHTmLb6nPErk
college cardigan,Simple,2W9wjJt8rsBYSBcFM
color-block dress shirt,Simple,XAfQ8miFRhqMuD8qK
colorful striped sweater,Elegant,p8FitwTB3Nm8Enhkj
comedian's outfit,Gorgeous,9j3jmeuoxez6Zdgqd
Coral Nook Inc. aloha shirt,Simple,LdK5ZHj7QmxKLHAwN
cowboy shirt,Simple,ksf9hH6zoSsYoCQfq
cycling shirt,Active,PSojdDwsKtLjpzykh
DAL apron,Simple,YXGkXoivMwd63Zwee
DAL pilot jacket,Cool,ZzrKeN4mByPJgGRgw
DAL tee,Simple,QXjGuLvD5TbT8kqM5
dance-team jacket,Active,QW8B52WGeksHNBBST
denim jacket,Simple,JeA5bRrD5c74wJshT
detective's coat,Elegant,JPpE2qr6ZvkMgym8e
diner apron,Active,hKRnjmGtdw7ifKnDd
doctor's coat,Simple,HRqmqmYxu9Lqva6ga
dotted raincoat,Cute,B2y5zLsQkKmStGJAo
doublet,Simple,aXx3xZhshp2R24jw2
dress shirt,Simple,dDtpewbT3ZAXinyPA
earbuds combo,Cool,TAqWXoLXei58ghDxY
eight-ball tee,Active,aGNGuPAvfzWYZyFXB
emblem blazer,Elegant,McjR5xxmfs7XvcAzp
energetic sweater,Simple,b73ao3rF3oavR8z4N
explorer shirt,Active,mafpBag6Kcdxw3zpb
fischerhemd,Simple,tMByLq3jkhDNDB2vu
fish-print tee,Simple,SebBDo7mypSMwQxhL
fishing vest,Active,RC8hPfezpZdaGwkmy
fitness tank,Active,pf3TqdjT25titHKTC
five-ball tee,Active,WsYW9gfDhPcPPerbk
flannel shirt,Simple,n8NYrB9rdjARN3JcB
flashy cardigan,Gorgeous,s7fDJcPmirS68nmuF
flashy jacket,Gorgeous,bsknG2icWD6qRsZQM
football shirt,Active,urMACBJvyors4JtjQ
four-ball tee,Active,NGv4n2Su8Qx95Eemh
frog tee,Active,DKMWSDKZoSzmWod7u
fuzzy vest,Simple,zDuhEnw6GQy2yx2ZH
gingham picnic shirt,Simple,LiAm42vSiDPisiDXW
graduation gown,Simple,bcWPRRFtdvgyXeNej
Green Nook Inc. aloha shirt,Simple,Xcqj3mcYopWTQFyCg
groovy shirt,Cool,3PGfoL5ALWXNkyvTW
groovy tunic,Active,ZNL6ZoGmQ4FQzamCd
guide shirt,Simple,CE3Fdmtv8NF4X2X3o
gym tee,Active,MfkTNwjXFef4arM8C
hallo tee,Simple,JXCuYWhg4e9R55Bcw
hand-knit tank,Elegant,CsGYRyttN7xstxXmX
handmade cape,Active,kyri67BZSPNBozQ3K
heart apron,Cute,yQwmuy47bZd4ATtae
heavy-duty shirt,Active,EPLg9zasW785hErLZ
hello tee,Simple,PvdrCjp68ATfFAWTx
henley shirt,Simple,x4xcNzDZJnNCYzYmc
hi tee,Simple,2PMR5NWeR6hSMJzwt
hoi tee,Simple,cgrWacdGx79sdhXnJ
hola tee,Simple,xKidnofK4iqgaKyLt
holiday sweater,Cute,RznZTtTckEgJ3AAGx
humble sweater,Simple,veYW6Z9NNS4r7AbEA
kids' smock,Cute,CGmHPTdxWsMGcN57b
konnichiwa tee,Simple,BFiTGnMxdhtznTdxm
kung-fu tee,Active,sAQrssDRFBF3ecEyu
kurta,Simple,2JY9YGQAfMADFB7aR
Labelle coat,Gorgeous,owh2cAR3E99i5SfMp
Labelle knit shirt,Cool,wMYhBAGdqhdw8RSJN
layered shirt,Simple,XgmWAFptGfykeiwyP
military uniform,Elegant,XLKMz3JQgaPctJior
misty tee,Elegant,5tXA6eczkfQBeZuy2
Mom's hand-knit sweater,Cute,gZKjD2pR5EiTKmBJM
Mom's handmade apron,Cute,WphkPyTj7QAnhfwtn
morning coat,Elegant,7nsRxYntZ3ERCxcqi
mountain parka,Active,jJSbD4ibmvkeGX7QT
multipurpose vest,Simple,iCb5BbT2qptKP6Kpz
muscle tank,Active,wLEzEqyPQMh2cg9N2
music-fest shirt,Active,NSwQbcYthSHu3kynp
MVP tee,Simple,MqS8y6MLcwXzvnhCb
ni hao tee,Simple,CoPYojspx37FcCgb6
nine-ball tee,Active,8ZBqZhbRyH4HRdbo6
No. 1 shirt,Simple,JGTwnNNjjSRijFpuF
No. 2 shirt,Simple,iu9qYhJbRbjQ2Nbuy
No. 3 shirt,Simple,uZN5bEEowytkwd7pB
No. 4 shirt,Simple,hNhqpPbu4NrdAxCF7
noble coat,Gorgeous,f4irdbA7XtybyHJsY
Nook Inc. aloha shirt,Simple,JWa2JANhbML2ZoSpd
Nook Inc. blouson,Simple,3yAwEXCgtLKgxqY3q
Nook Inc. tee,Simple,NYAF9MhpB9KLAMjzz
nurse's jacket,Simple,rADFhF2ELotXRS53a
OK Motors jacket,Simple,7N3FmzDyZWdoKMpzJ
old-school jacket,Gorgeous,jpqP7LhNbv7CkuJjD
one-ball tee,Active,NRKaj7yZRNahgeZwH
open-collar shirt,Simple,g8TwY4rnzdv9Q87Wd
peasant blouse,Elegant,sAWq4TmBopQqXpMtt
poncho-style sweater,Elegant,MHD4iwXXktfkmB3hK
prince's tunic,Elegant,aQWEZJdAx6J5e5uSi
printed layered shirt,Simple,GmPhjRTQxkr6PuYtu
printed-sleeve sweater,Simple,MYG3GrwMzwvegR84p
privét tee,Simple,pTyc9x98jWbPy8WBn
pullover jacket,Active,FAnCF2RFJr34wZj59
rabbit tee,Active,PT8QcLLpa8ftBfxee
raglan shirt,Simple,x7WP4mwXD9BAy48No
raincoat,Simple,XQwkEbgETSTZdvWGB
relay tank,Active,uwrmK8p7WrNRc5EED
royal shirt,Gorgeous,CmME8czfwb5XrQKhi
rubber apron,Active,E9HPHSqmYstfvcib9
safety vest,Active,JLcSnZ8EXeZxDyjf8
sailor-style shirt,Simple,3gHiJGwSpgbGn3aRx
samurai shirt,Cool,nDGogxnrECPj2c5XG
school jacket,Simple,4kxGZ6arxH8AXFyZu
seven-ball tee,Active,wWneARo7aBRWdS45q
shirt with camera,Simple,pgaMnQX5job8cbFhc
silk floral-print shirt,Cute,AMwJDy7BkmgsRzcLe
silk shirt,Elegant,b6r5LY5EGg98N5Wxo
simple parka,Simple,cauBxzskKMEQeECmQ
six-ball tee,Active,9i3mJdoTbjxzEB9kD
sleeved apron,Active,BJKSBrXy9an23wHth
soccer-uniform top,Active,4rvWx7peff8vvTL2C
space parka,Cool,RKu83zEuZKMuoLw5x
sports tank,Simple,muEszebFe4jHSPbwz
staff uniform,Simple,nnJozpZ4zLuGPZDjX
striped shirt,Simple,vgEfkXFPyifgAyATG
sushi chef's outfit,Simple,vkeKiMktDyh5p83vv
sweater on shirt,Elegant,wB2XQvnvbYXfiWTh3
sweater-vest,Simple,53gMbNfZdTPGyLz5Y
sweatshirt,Simple,q2Fde7HQetuevce2p
sweetheart tank and shirt,Elegant,gwnNYkzXpXQS7iRb9
tailcoat,Elegant,BcAFCR5xgoJ2gfCnu
tailored jacket,Simple,6JowjzkiZriByKcbA
tee-parka combo,Simple,tS5NLyyFXadqZu9ZB
tennis sweater,Simple,sAzQag25YoPGutGtH
text shirt,Cool,P8BYsmi6va7PJ5pnF
thick-stripes shirt,Active,hjWjh6fddnQxNw7Dv
thief's costume,Cool,mzicEzdYT9bQvNSc5
thread-worn sweater,Cool,Yh6QRfZZCZiYAggLw
three-ball tee,Active,i5drcDjwqEoZFsPEf
tie-dye shirt,Active,5wFAi9omky75z2P8u
tight-knit sweater,Simple,fDaQHhDLPxLuq9fa5
top coat,Simple,sifMA4GrfEWGk2LA4
track jacket,Active,HvRR4Xs5Efb7JbAgW
traditional straw coat,Simple,zXMsYoKm2DyJPZgoY
trench coat,Elegant,LZzoavieA5mTpq8pZ
tuxedo jacket,Cool,c6Dbp8gKzyEzMp4qi
tweed jacket,Elegant,L6qeeriM3zE7HqW25
tweed vest,Simple,MFo7cgDdESZJuXWqr
two-ball tee,Active,ETSGu2LkZwwGqvcwq
V-neck sweater,Simple,YCL3BbLntymBkCqhz
vampire costume,Cool,Cf37nic9EFwdcWXTG
vest with binoculars,Simple,mPCyYWugAao6MW9Q9
viking top,Cool,T6NFn4tp4KThNicX7
waistcoat,Simple,M2Z8RZ9Sxq58dtnAa
western shirt,Active,ZXbJD328Adha6bDZe
work apron,Active,LGnwusDDvGBNQzYoz
work shirt,Cool,MuvRn2urM85bGRK5M
worker's jacket,Active,dbaJShLmJXWw83cfF
workout top,Active,br5CGLhaN5tWr97CA
young-royal shirt,Gorgeous,Y3nHGP5SBXZD8Jmeb
zigzag shirt,Active,DTJxofCEWjfnLwAPv
